TestNo,TestName
1,org.apache.commons.lang.time.DateUtils_ESTest38
2,org.apache.commons.lang.time.DateUtils_ESTest39
3,org.apache.commons.lang.time.DateUtils_ESTest40
4,org.apache.commons.lang.time.DateUtils_ESTest59
5,org.apache.commons.lang.time.DateUtils_ESTest6
6,org.apache.commons.lang.time.DateUtils_ESTest61
7,org.apache.commons.lang.time.DateUtils_ESTest16
8,org.apache.commons.lang.time.DateUtils_ESTest37
9,org.apache.commons.lang.time.DateUtils_ESTest4
10,org.apache.commons.lang.time.DateUtils_ESTest58
11,org.apache.commons.lang.time.DateUtils_ESTest63
12,org.apache.commons.lang.time.DateUtils_ESTest14
13,org.apache.commons.lang.time.DateUtils_ESTest27
14,org.apache.commons.lang.time.DateUtils_ESTest41
15,org.apache.commons.lang.time.DateUtils_ESTest46
16,org.apache.commons.lang.time.DateUtils_ESTest47
17,org.apache.commons.lang.time.DateUtils_ESTest60
18,org.apache.commons.lang.time.DateUtils_ESTest33
19,org.apache.commons.lang.time.DateUtils_ESTest42
20,org.apache.commons.lang.time.DateUtils_ESTest44
21,org.apache.commons.lang.time.DateUtils_ESTest45
22,org.apache.commons.lang.time.DateUtils_ESTest5
23,org.apache.commons.lang.time.DateUtils_ESTest52
24,org.apache.commons.lang.time.DateUtils_ESTest62
25,org.apache.commons.lang.time.DateUtils_ESTest64
26,org.apache.commons.lang.time.DateUtils_ESTest65
27,org.apache.commons.lang.time.DateUtils_ESTest68
28,org.apache.commons.lang.time.DateUtils_ESTest7
29,org.apache.commons.lang.time.DateUtils_ESTest15
30,org.apache.commons.lang.time.DateUtils_ESTest48
31,org.apache.commons.lang.time.DateUtils_ESTest50
32,org.apache.commons.lang.time.DateUtils_ESTest67
33,org.apache.commons.lang.time.DateUtils_ESTest19
34,org.apache.commons.lang.time.DateUtils_ESTest21
35,org.apache.commons.lang.time.DateUtils_ESTest23
36,org.apache.commons.lang.time.DateUtils_ESTest12
37,org.apache.commons.lang.time.DateUtils_ESTest17
38,org.apache.commons.lang.time.DateUtils_ESTest32
39,org.apache.commons.lang.time.DateUtils_ESTest43
40,org.apache.commons.lang.time.DateUtils_ESTest51
41,org.apache.commons.lang.time.DateUtils_ESTest70
42,org.apache.commons.lang.time.DateUtils_ESTest69
43,org.apache.commons.lang.time.DateUtils_ESTest13
44,org.apache.commons.lang.time.DateUtils_ESTest11
45,org.apache.commons.lang.time.DateUtils_ESTest35
46,org.apache.commons.lang.time.DateUtils_ESTest66
47,org.apache.commons.lang.time.DateUtils_ESTest36
48,org.apache.commons.lang.time.DateUtils_ESTest1
49,org.apache.commons.lang.time.DateUtils_ESTest29
50,org.apache.commons.lang.time.DateUtils_ESTest18
51,org.apache.commons.lang.time.DateUtils_ESTest55
52,org.apache.commons.lang.time.DateUtils_ESTest57
53,org.apache.commons.lang.time.DateUtils_ESTest71
54,org.apache.commons.lang.time.DateUtils_ESTest2
55,org.apache.commons.lang.time.DateUtils_ESTest25
56,org.apache.commons.lang.time.DateUtils_ESTest31
57,org.apache.commons.lang.time.DateUtils_ESTest56
58,org.apache.commons.lang.time.DateUtils_ESTest72
59,org.apache.commons.lang.time.DateUtils_ESTest20
60,org.apache.commons.lang.time.DateUtils_ESTest28
61,org.apache.commons.lang.time.DateUtils_ESTest9
62,org.apache.commons.lang.time.DateUtils_ESTest3
63,org.apache.commons.lang.time.DateUtils_ESTest53
64,org.apache.commons.lang.time.DateUtils_ESTest22
65,org.apache.commons.lang.time.DateUtils_ESTest26
66,org.apache.commons.lang.time.DateUtils_ESTest30
67,org.apache.commons.lang.time.DateUtils_ESTest8
68,org.apache.commons.lang.time.DateUtils_ESTest10
69,org.apache.commons.lang.time.DateUtils_ESTest24
70,org.apache.commons.lang.time.DateUtils_ESTest54
71,org.apache.commons.lang.time.DateUtils_ESTest49
72,org.apache.commons.lang.time.DateUtils_ESTest0
73,org.apache.commons.lang.time.DateUtils_ESTest34
